"number","title","pageid","namespace","length","touched"
"1","Chemical_engineering","6038","","21118","20210305235758"
"2","Dimensional_analysis","8267","","91646","20210205111945"
"3","Thermodynamics","29952","","40934","20210226184535"
"4","Environmental_engineering","50702","","23212","20210211115254"
"5","Sodium_hydroxide","57877","","51369","20210302073515"
"6","Tablet_(pharmacy)","78000","","29079","20210307043216"
"7","Heat_transfer","184726","","47668","20210221183123"
"8","Metalworking","266443","","35782","20210308004653"
"9","Fused_quartz","430014","","17617","20210301192326"
"10","Piping","770546","","16217","20210227134917"
"11","FutureGen","1249127","","34495","20200601021437"
"12","Activated_sludge","1411188","","26259","20201230145454"
"13","Magnetohydrodynamic_generator","1502835","","35524","20210103032650"
"14","Dialysis_tubing","1699596","","6643","20210120120114"
"15","Orifice_plate","1825388","","27598","20210225151146"
"16","Coal_pollution_mitigation","2423894","","47732","20210203224919"
"17","History_of_chemical_engineering","3272644","","8183","20201210150010"
"18","Reynolds_transport_theorem","3488128","","12012","20200204034817"
"19","Index_of_chemical_engineering_articles","3667138","","4004","20170912102058"
"20","Stack_effect","4708346","","12685","20210212081909"
"21","Non-explosive_demolition_agents","5022545","","3178","20201205071343"
"22","Flow_chemistry","6153368","","23461","20210226142540"
"23","Entrainment_(engineering)","6981516","","1063","20191026035954"
"24","Sieve_analysis","7320365","","17918","20210221034256"
"25","Theoretical_plate","7760747","","9570","20210109110750"
"26","Deal–Grove_model","8559342","","9941","20201018071539"
"27","Outline_of_chemical_engineering","8704223","","4539","20200427153747"
"28","NeSSI","8888246","","22685","20210222160933"
"29","Sieving_coefficient","9493613","","1749","20200307163443"
"30","Bioprocess_engineering","9580771","","9174","20201016172944"
"31","String-net_liquid","10113242","","6381","20210209035020"
"32","Air_permeability_specific_surface","11817965","","6568","20191113151411"
"33","Carbochemistry","12510214","","1718","20190722011035"
"34","Fan_(machine)","12877572","","34167","20210226084438"
"35","Vapor-liquid_distribution_ratio","13493538","","127","20130213174753"
"36","Vapor-liquid_K_values","13493587","","128","20070929181537"
"37","Electromechanical_film","14488117","","6445","20200921205407"
"38","Prydniprovsky_Chemical_Plant_radioactive_dumps","16440097","","3134","20200829175855"
"39","Systematic_hierarchical_approach_for_resilient_process_screening","17340059","","907","20200710084334"
"40","Tire-derived_fuel","18877738","","6342","20200803140622"
"41","Thermal_engineering","19582317","","2910","20210108051930"
"42","Kintech_Lab","23967222","","4044","20201004062913"
"43","Khimera","24255209","","2997","20190223224927"
"44","Hydrogen_pinch","24976623","","4133","20201114212536"
"45","Chemical_reaction_engineering","25034192","","6757","20210122020340"
"46","Transport_phenomena","27147535","","17272","20210118160956"
"47","Infrared_open-path_detector","28500068","","12439","20191219174057"
"48","Electrochemical_engineering","30129507","","15406","20200919163709"
"49","Energy_separating_agent","30772871","","713","20200506022829"
"50","Isotope_electrochemistry","31344475","","3667","20200213033951"
"51","Reaction_bonded_silicon_carbide","31802451","","1055","20130509182602"
"52","Carbon-neutral_fuel","36913101","","49483","20210114193807"
"53","Rüchardt_experiment","40956474","","13140","20210303204605"
"54","APV_plc","41620765","","2195","20201230054629"
"55","Chemogenetics","41969333","","12611","20201212151728"
"56","Calcium_looping","42268134","","43779","20210127200203"
"57","Caking","43474691","","3786","20200228135037"
"58","Process_network_synthesis","43619610","","5460","20201231212655"
"59","Scale_(chemistry)","45413683","","6529","20200921204032"
"60","Coagulation_(water_treatment)","46590902","","9142","20201020034436"
"61","Attainable_region_theory","48981762","","4736","20201215124942"
"62","Stefan_tube","50110311","","6066","20210302005629"
"63","RTD_studies_of_plug_flow_reactor","50172363","","7852","20200612093426"
"64","Sink_condition","50210529","","2458","20200425202940"
"65","William_Webster_(chemical_engineer)","57413744","","4720","20210103192147"
"66","Bodenstein_number","57533821","","2720","20180529040807"
"67","COMOS","60173605","","8606","20201216015138"